<?xml version="1.0" encoding="UTF-8"?>
<component type="desktop">
 <id>org.mapeditor.Tiled.desktop</id>
 <metadata_license>CC0-1.0</metadata_license>
 <project_license>GPL-2.0+ and BSD-2-Clause</project_license>
 <name>Tiled</name>
 <summary>General purpose map editor</summary>
 <summary xml:lang="de">Leveleditor für allgemeine Zwecke</summary>
 <keywords>
  <keyword>2D</keyword>
  <keyword>mapeditor</keyword>
  <keyword>tool</keyword>
  <keyword>development</keyword>
  <keyword>tile</keyword>
  <keyword>editor</keyword>
 </keywords>
 <content_rating type="oars-1.0" />
 <releases>
  <release version="1.8.6" type="stable" date="2022-06-14">
   <url>https://www.mapeditor.org/2022/06/14/tiled-1-8-6-released.html</url>
   <description>
    <ul>
     <li>Keep references between objects when copy/pasting or duplicating (#3361)</li>
     <li>Improved default translation used in case of multiple options</li>
     <li>Terrain Brush: Update preview on mouse release (#3381)</li>
     <li>Fixed 'Add Variation' action in Tile Stamps context menu (#3362)</li>
     <li>Fixed importing of removed shortcuts (#3367)</li>
     <li>Fixed breaking of alternative shortcuts on import or reset (#3367)</li>
     <li>Fixed conflict detection to handle alternative shortcuts (#3368)</li>
     <li>Fixed locking up UI on property type name conflict (#3380)</li>
     <li>Scripting: Fixed possible crash when accessing Layer.map</li>
     <li>Defold plugins: Added support for rotated tiles (#3369)</li>
    </ul>
   </description>
  </release>
  <release version="1.8.5" type="stable" date="2022-05-16">
   <url>https://www.mapeditor.org/2022/05/17/tiled-1-8-5-released.html</url>
   <description>
    <ul>
     <li>Made expanded group layers persistent (#3282)</li>
     <li>Improved snapping behavior for scalable objects on staggered maps</li>
     <li>Allow setting a shortcut on the 'Edit Tileset' action</li>
     <li>Always select first entry while using the Open File in Project action</li>
     <li>Improved Add Property dialog layout in case of long type names (#3302)</li>
     <li>Fixed restoring of window layout when maximized (#590)</li>
     <li>Fixed snapping when dragging templates into a map (#3326)</li>
     <li>Fixed map selection rectangle in world for infinite maps (#3340)</li>
     <li>Fixed 'Merge Layer Down' action for infinite maps</li>
     <li>Fixed several small issues in the image color picker (#3348)</li>
     <li>Fixed missing name for undo commands that add/remove maps from world</li>
     <li>Fixed selection issues for tile objects with a non-zero tile offset</li>
     <li>Fixed hover indicator sometimes overlapping selection indicator</li>
     <li>Fixed removal of terrain info when removing tiles from a collection</li>
     <li>Scripting: Fixed region.rects when compiled against Qt 5.9 to 5.13</li>
     <li>Scripting: Layer.tintColor is now #ffffff when not set</li>
     <li>macOS: Enabled support for loading SVGs</li>
     <li>macOS: Show shortcuts in context menus when using Tiled Fusion style (#1978)</li>
     <li>AppImage: Updated to Sentry 0.4.17</li>
     <li>Updated Chinese (Simplified) and Portuguese (Portugal) translations</li>
    </ul>
   </description>
  </release>
  <release version="1.8.4" type="stable" date="2022-03-31">
   <url>https://www.mapeditor.org/2022/03/31/tiled-1-8-3-released.html</url>
  </release>
  <release version="1.8.3" type="stable" date="2022-03-31">
   <url>https://www.mapeditor.org/2022/03/31/tiled-1-8-3-released.html</url>
  </release>
  <release version="1.8.2" type="stable" date="2022-02-17">
   <url>https://www.mapeditor.org/2022/02/17/tiled-1-8-2-released.html</url>
  </release>
  <release version="1.8.1" type="stable" date="2022-02-11">
   <url>https://www.mapeditor.org/2022/02/17/tiled-1-8-1-released.html</url>
  </release>
  <release version="1.8.0" type="stable" date="2022-02-07">
   <url>https://www.mapeditor.org/2022/02/07/tiled-1-8-0-released.html</url>
  </release>
  <release version="1.7.2" type="stable" date="2021-08-10">
   <url>https://www.mapeditor.org/2021/08/10/tiled-1-7-2-released.html</url>
  </release>
 </releases>
 <description>
  <p>
   Tiled is a general purpose 2D level editor with powerful tile map editing
   features. It’s built to be easy to use and is suitable for many type of
   games.
  </p>
  <p xml:lang="de">
   Tiled ist ein allgemeiner 2D Leveleditor mit mächtigen Funktionen zum bearbeiten von Tiled Maps.
   Er hat eine einfache Bedienung und ist entwickelt worden, um möglichst viele unterschiedliche Spiele
   zu unterstützen.
  </p>
  <p>
   The Tiled map format is supported by a large amount of game engines and
   libraries. In addition, Tiled supports plugins to read and write map formats
   other than its own map format.
  </p>
  <p xml:lang="de">
   Das Tiled Dateiformat wird von vielen Spielengines und Bibliotheken unterstützt.
   Zudem bietet Tiled eine Pluginunterstützung, durch die auch andere Formate geöffnet
   und gespeichert werden können.
  </p>
 </description>
 <screenshots>
  <!-- GPL 2 by TMW -->
  <screenshot type="default" width="800" height="600">
    <image>https://www.mapeditor.org/img/appdata/screenshot_objects.png</image>
  </screenshot>
  <!-- CC BY SA 3.0 By Clint Bellanger -->
  <screenshot width="800" height="600">
    <image>https://www.mapeditor.org/img/appdata/screenshot_terrain.png</image>
  </screenshot>
 </screenshots>
 <kudos>
   <kudo>ModernToolkit</kudo>
   <kudo>UserDocs</kudo>
 </kudos>
 <url type="homepage">https://www.mapeditor.org/</url>
 <url type="bugtracker">https://github.com/mapeditor/tiled/issues</url>
 <url type="help">https://doc.mapeditor.org/</url>
 <url type="donation">https://www.mapeditor.org/donate</url>
 <url type="translate">https://hosted.weblate.org/projects/tiled/translations/</url>
 <url type="vcs-browser">https://github.com/mapeditor/tiled</url>
 <launchable type="desktop-id">org.mapeditor.Tiled.desktop</launchable>
 <provides>
   <id>tiled.desktop</id>
 </provides>
 <translation type="qt">tiled</translation>
 <update_contact>tingping@fedoraproject.org</update_contact>
</component>
